﻿{
  "clients": [
    {
      "Name": "Otto Clay",
      "Age": 61,
      "Country": 6,
      "Address": "Ap #897-1459 Quam Avenue",
      "Married": false
    },
    {
      "Name": "Connor Johnston",
      "Age": 73,
      "Country": 7,
      "Address": "Ap #370-4647 Dis Av.",
      "Married": false
    },
    {
      "Name": "Lacey Hess",
      "Age": 29,
      "Country": 7,
      "Address": "Ap #365-8835 Integer St.",
      "Married": false
    },
    {
      "Name": "Timothy Henson",
      "Age": 78,
      "Country": 1,
      "Address": "911-5143 Luctus Ave",
      "Married": false
    },
    {
      "Name": "Ramona Benton",
      "Age": 43,
      "Country": 5,
      "Address": "Ap #614-689 Vehicula Street",
      "Married": true
    },
    {
      "Name": "Ezra Tillman",
      "Age": 51,
      "Country": 1,
      "Address": "P.O. Box 738, 7583 Quisque St.",
      "Married": true
    },
    {
      "Name": "Dante Carter",
      "Age": 59,
      "Country": 1,
      "Address": "P.O. Box 976, 6316 Lorem, St.",
      "Married": false
    },
    {
      "Name": "Christopher Mcclure",
      "Age": 58,
      "Country": 1,
      "Address": "847-4303 Dictum Av.",
      "Married": true
    },
    {
      "Name": "Ruby Rocha",
      "Age": 62,
      "Country": 2,
      "Address": "5212 Sagittis Ave",
      "Married": false
    },
    {
      "Name": "Imelda Hardin",
      "Age": 39,
      "Country": 5,
      "Address": "719-7009 Auctor Av.",
      "Married": false
    },
    {
      "Name": "Jonah Johns",
      "Age": 28,
      "Country": 5,
      "Address": "P.O. Box 939, 9310 A Ave",
      "Married": false
    },
    {
      "Name": "Herman Rosa",
      "Age": 49,
      "Country": 7,
      "Address": "718-7162 Molestie Av.",
      "Married": true
    },
    {
      "Name": "Arthur Gay",
      "Age": 20,
      "Country": 7,
      "Address": "5497 Neque Street",
      "Married": false
    },
    {
      "Name": "Xena Wilkerson",
      "Age": 63,
      "Country": 1,
      "Address": "Ap #303-6974 Proin Street",
      "Married": true
    },
    {
      "Name": "Lilah Atkins",
      "Age": 33,
      "Country": 5,
      "Address": "622-8602 Gravida Ave",
      "Married": true
    },
    {
      "Name": "Malik Shepard",
      "Age": 59,
      "Country": 1,
      "Address": "967-5176 Tincidunt Av.",
      "Married": false
    },
    {
      "Name": "Keely Silva",
      "Age": 24,
      "Country": 1,
      "Address": "P.O. Box 153, 8995 Praesent Ave",
      "Married": false
    },
    {
      "Name": "Hunter Pate",
      "Age": 73,
      "Country": 7,
      "Address": "P.O. Box 771, 7599 Ante, Road",
      "Married": false
    },
    {
      "Name": "Mikayla Roach",
      "Age": 55,
      "Country": 5,
      "Address": "Ap #438-9886 Donec Rd.",
      "Married": true
    },
    {
      "Name": "Upton Joseph",
      "Age": 48,
      "Country": 4,
      "Address": "Ap #896-7592 Habitant St.",
      "Married": true
    },
    {
      "Name": "Jeanette Pate",
      "Age": 59,
      "Country": 2,
      "Address": "P.O. Box 177, 7584 Amet, St.",
      "Married": false
    },
    {
      "Name": "Kaden Hernandez",
      "Age": 79,
      "Country": 3,
      "Address": "366 Ut St.",
      "Married": true
    },
    {
      "Name": "Kenyon Stevens",
      "Age": 20,
      "Country": 3,
      "Address": "P.O. Box 704, 4580 Gravida Rd.",
      "Married": false
    },
    {
      "Name": "Jerome Harper",
      "Age": 31,
      "Country": 5,
      "Address": "2464 Porttitor Road",
      "Married": false
    },
    {
      "Name": "Jelani Patel",
      "Age": 36,
      "Country": 2,
      "Address": "P.O. Box 541, 5805 Nec Av.",
      "Married": true
    },
    {
      "Name": "Keaton Oconnor",
      "Age": 21,
      "Country": 1,
      "Address": "Ap #657-1093 Nec, Street",
      "Married": false
    },
    {
      "Name": "Bree Johnston",
      "Age": 31,
      "Country": 2,
      "Address": "372-5942 Vulputate Avenue",
      "Married": false
    },
    {
      "Name": "Maisie Hodges",
      "Age": 70,
      "Country": 7,
      "Address": "P.O. Box 445, 3880 Odio, Rd.",
      "Married": false
    },
    {
      "Name": "Kuame Calhoun",
      "Age": 39,
      "Country": 2,
      "Address": "P.O. Box 609, 4105 Rutrum St.",
      "Married": true
    },
    {
      "Name": "Carlos Cameron",
      "Age": 38,
      "Country": 5,
      "Address": "Ap #215-5386 A, Avenue",
      "Married": false
    },
    {
      "Name": "Fulton Parsons",
      "Age": 25,
      "Country": 7,
      "Address": "P.O. Box 523, 3705 Sed Rd.",
      "Married": false
    },
    {
      "Name": "Wallace Christian",
      "Age": 43,
      "Country": 3,
      "Address": "416-8816 Mauris Avenue",
      "Married": true
    },
    {
      "Name": "Caryn Maldonado",
      "Age": 40,
      "Country": 1,
      "Address": "108-282 Nonummy Ave",
      "Married": false
    },
    {
      "Name": "Whilemina Frank",
      "Age": 20,
      "Country": 7,
      "Address": "P.O. Box 681, 3938 Egestas. Av.",
      "Married": true
    },
    {
      "Name": "Emery Moon",
      "Age": 41,
      "Country": 4,
      "Address": "Ap #717-8556 Non Road",
      "Married": true
    },
    {
      "Name": "Price Watkins",
      "Age": 35,
      "Country": 4,
      "Address": "832-7810 Nunc Rd.",
      "Married": false
    },
    {
      "Name": "Lydia Castillo",
      "Age": 59,
      "Country": 7,
      "Address": "5280 Placerat, Ave",
      "Married": true
    },
    {
      "Name": "Lawrence Conway",
      "Age": 53,
      "Country": 1,
      "Address": "Ap #452-2808 Imperdiet St.",
      "Married": false
    },
    {
      "Name": "Kalia Nicholson",
      "Age": 67,
      "Country": 5,
      "Address": "P.O. Box 871, 3023 Tellus Road",
      "Married": true
    },
    {
      "Name": "Brielle Baxter",
      "Age": 45,
      "Country": 3,
      "Address": "Ap #822-9526 Ut, Road",
      "Married": true
    },
    {
      "Name": "Valentine Brady",
      "Age": 72,
      "Country": 7,
      "Address": "8014 Enim. Road",
      "Married": true
    },
    {
      "Name": "Rebecca Gardner",
      "Age": 57,
      "Country": 4,
      "Address": "8655 Arcu. Road",
      "Married": true
    },
    {
      "Name": "Vladimir Tate",
      "Age": 26,
      "Country": 1,
      "Address": "130-1291 Non, Rd.",
      "Married": true
    },
    {
      "Name": "Vernon Hays",
      "Age": 56,
      "Country": 4,
      "Address": "964-5552 In Rd.",
      "Married": true
    },
    {
      "Name": "Allegra Hull",
      "Age": 22,
      "Country": 4,
      "Address": "245-8891 Donec St.",
      "Married": true
    },
    {
      "Name": "Hu Hendrix",
      "Age": 65,
      "Country": 7,
      "Address": "428-5404 Tempus Ave",
      "Married": true
    },
    {
      "Name": "Kenyon Battle",
      "Age": 32,
      "Country": 2,
      "Address": "921-6804 Lectus St.",
      "Married": false
    },
    {
      "Name": "Gloria Nielsen",
      "Age": 24,
      "Country": 4,
      "Address": "Ap #275-4345 Lorem, Street",
      "Married": true
    },
    {
      "Name": "Illiana Kidd",
      "Age": 59,
      "Country": 2,
      "Address": "7618 Lacus. Av.",
      "Married": false
    },
    {
      "Name": "Adria Todd",
      "Age": 68,
      "Country": 6,
      "Address": "1889 Tincidunt Road",
      "Married": false
    },
    {
      "Name": "Kirsten Mayo",
      "Age": 71,
      "Country": 1,
      "Address": "100-8640 Orci, Avenue",
      "Married": false
    },
    {
      "Name": "Willa Hobbs",
      "Age": 60,
      "Country": 6,
      "Address": "P.O. Box 323, 158 Tristique St.",
      "Married": false
    },
    {
      "Name": "Alexis Clements",
      "Age": 69,
      "Country": 5,
      "Address": "P.O. Box 176, 5107 Proin Rd.",
      "Married": false
    },
    {
      "Name": "Akeem Conrad",
      "Age": 60,
      "Country": 2,
      "Address": "282-495 Sed Ave",
      "Married": true
    },
    {
      "Name": "Montana Silva",
      "Age": 79,
      "Country": 6,
      "Address": "P.O. Box 120, 9766 Consectetuer St.",
      "Married": false
    },
    {
      "Name": "Kaseem Hensley",
      "Age": 77,
      "Country": 6,
      "Address": "Ap #510-8903 Mauris. Av.",
      "Married": true
    },
    {
      "Name": "Christopher Morton",
      "Age": 35,
      "Country": 5,
      "Address": "P.O. Box 234, 3651 Sodales Avenue",
      "Married": false
    },
    {
      "Name": "Wade Fernandez",
      "Age": 49,
      "Country": 6,
      "Address": "740-5059 Dolor. Road",
      "Married": true
    },
    {
      "Name": "Illiana Kirby",
      "Age": 31,
      "Country": 2,
      "Address": "527-3553 Mi Ave",
      "Married": false
    },
    {
      "Name": "Kimberley Hurley",
      "Age": 65,
      "Country": 5,
      "Address": "P.O. Box 637, 9915 Dictum St.",
      "Married": false
    },
    {
      "Name": "Arthur Olsen",
      "Age": 74,
      "Country": 5,
      "Address": "887-5080 Eget St.",
      "Married": false
    },
    {
      "Name": "Brody Potts",
      "Age": 59,
      "Country": 2,
      "Address": "Ap #577-7690 Sem Road",
      "Married": false
    },
    {
      "Name": "Dillon Ford",
      "Age": 60,
      "Country": 1,
      "Address": "Ap #885-9289 A, Av.",
      "Married": true
    },
    {
      "Name": "Hannah Juarez",
      "Age": 61,
      "Country": 2,
      "Address": "4744 Sapien, Rd.",
      "Married": true
    },
    {
      "Name": "Vincent Shaffer",
      "Age": 25,
      "Country": 2,
      "Address": "9203 Nunc St.",
      "Married": true
    },
    {
      "Name": "George Holt",
      "Age": 27,
      "Country": 6,
      "Address": "4162 Cras Rd.",
      "Married": false
    },
    {
      "Name": "Tobias Bartlett",
      "Age": 74,
      "Country": 4,
      "Address": "792-6145 Mauris St.",
      "Married": true
    },
    {
      "Name": "Xavier Hooper",
      "Age": 35,
      "Country": 1,
      "Address": "879-5026 Interdum. Rd.",
      "Married": false
    },
    {
      "Name": "Declan Dorsey",
      "Age": 31,
      "Country": 2,
      "Address": "Ap #926-4171 Aenean Road",
      "Married": true
    },
    {
      "Name": "Clementine Tran",
      "Age": 43,
      "Country": 4,
      "Address": "P.O. Box 176, 9865 Eu Rd.",
      "Married": true
    },
    {
      "Name": "Pamela Moody",
      "Age": 55,
      "Country": 6,
      "Address": "622-6233 Luctus Rd.",
      "Married": true
    },
    {
      "Name": "Julie Leon",
      "Age": 43,
      "Country": 6,
      "Address": "Ap #915-6782 Sem Av.",
      "Married": true
    },
    {
      "Name": "Shana Nolan",
      "Age": 79,
      "Country": 5,
      "Address": "P.O. Box 603, 899 Eu St.",
      "Married": false
    },
    {
      "Name": "Vaughan Moody",
      "Age": 37,
      "Country": 5,
      "Address": "880 Erat Rd.",
      "Married": false
    },
    {
      "Name": "Randall Reeves",
      "Age": 44,
      "Country": 3,
      "Address": "1819 Non Street",
      "Married": false
    },
    {
      "Name": "Dominic Raymond",
      "Age": 68,
      "Country": 1,
      "Address": "Ap #689-4874 Nisi Rd.",
      "Married": true
    },
    {
      "Name": "Lev Pugh",
      "Age": 69,
      "Country": 5,
      "Address": "Ap #433-6844 Auctor Avenue",
      "Married": true
    },
    {
      "Name": "Desiree Hughes",
      "Age": 80,
      "Country": 4,
      "Address": "605-6645 Fermentum Avenue",
      "Married": true
    },
    {
      "Name": "Idona Oneill",
      "Age": 23,
      "Country": 7,
      "Address": "751-8148 Aliquam Avenue",
      "Married": true
    },
    {
      "Name": "Lani Mayo",
      "Age": 76,
      "Country": 1,
      "Address": "635-2704 Tristique St.",
      "Married": true
    },
    {
      "Name": "Cathleen Bonner",
      "Age": 40,
      "Country": 1,
      "Address": "916-2910 Dolor Av.",
      "Married": false
    },
    {
      "Name": "Sydney Murray",
      "Age": 44,
      "Country": 5,
      "Address": "835-2330 Fringilla St.",
      "Married": false
    },
    {
      "Name": "Brenna Rodriguez",
      "Age": 77,
      "Country": 6,
      "Address": "3687 Imperdiet Av.",
      "Married": true
    },
    {
      "Name": "Alfreda Mcdaniel",
      "Age": 38,
      "Country": 7,
      "Address": "745-8221 Aliquet Rd.",
      "Married": true
    },
    {
      "Name": "Zachery Atkins",
      "Age": 30,
      "Country": 1,
      "Address": "549-2208 Auctor. Road",
      "Married": true
    },
    {
      "Name": "Amelia Rich",
      "Age": 56,
      "Country": 4,
      "Address": "P.O. Box 734, 4717 Nunc Rd.",
      "Married": false
    },
    {
      "Name": "Kiayada Witt",
      "Age": 62,
      "Country": 3,
      "Address": "Ap #735-3421 Malesuada Avenue",
      "Married": false
    },
    {
      "Name": "Lysandra Pierce",
      "Age": 36,
      "Country": 1,
      "Address": "Ap #146-2835 Curabitur St.",
      "Married": true
    },
    {
      "Name": "Cara Rios",
      "Age": 58,
      "Country": 4,
      "Address": "Ap #562-7811 Quam. Ave",
      "Married": true
    },
    {
      "Name": "Austin Andrews",
      "Age": 55,
      "Country": 7,
      "Address": "P.O. Box 274, 5505 Sociis Rd.",
      "Married": false
    },
    {
      "Name": "Lillian Peterson",
      "Age": 39,
      "Country": 2,
      "Address": "6212 A Avenue",
      "Married": false
    },
    {
      "Name": "Adria Beach",
      "Age": 29,
      "Country": 2,
      "Address": "P.O. Box 183, 2717 Nunc Avenue",
      "Married": true
    },
    {
      "Name": "Oleg Durham",
      "Age": 80,
      "Country": 4,
      "Address": "931-3208 Nunc Rd.",
      "Married": false
    },
    {
      "Name": "Casey Reese",
      "Age": 60,
      "Country": 4,
      "Address": "383-3675 Ultrices, St.",
      "Married": false
    },
    {
      "Name": "Kane Burnett",
      "Age": 80,
      "Country": 1,
      "Address": "759-8212 Dolor. Ave",
      "Married": false
    },
    {
      "Name": "Stewart Wilson",
      "Age": 46,
      "Country": 7,
      "Address": "718-7845 Sagittis. Av.",
      "Married": false
    },
    {
      "Name": "Charity Holcomb",
      "Age": 31,
      "Country": 6,
      "Address": "641-7892 Enim. Ave",
      "Married": false
    },
    {
      "Name": "Kyra Cummings",
      "Age": 43,
      "Country": 4,
      "Address": "P.O. Box 702, 6621 Mus. Av.",
      "Married": false
    },
    {
      "Name": "Stuart Wallace",
      "Age": 25,
      "Country": 7,
      "Address": "648-4990 Sed Rd.",
      "Married": true
    },
    {
      "Name": "Carter Clarke",
      "Age": 59,
      "Country": 6,
      "Address": "Ap #547-2921 A Street",
      "Married": false
    }
  ]
}
