﻿{
  "data": [
    {
      "PCName": "NMY1508002",
      "LANID": "A5127350",
      "UserName": "Tong Kar Seng",
      "Domain": "OCBCGROUP",
      "Department": "MAL E2P - GTS - Tech System Enhancement Hub (DH)",
      "OS": "Microsoft Windows 7",
      "Model": "Latitude E7440",
      "Serial": "B9PPL32",
      "IPV4": "10.203.101.188",
      "Protocol": "DHCP"
    },
    {
      "PCName": "NMY1508032",
      "LANID": "A5127351",
      "UserName": "Tong Kar Seng1",
      "Domain": "OCBCGROUP1",
      "Department": "MAL E2P - GTS - Tech System Enhancement Hub (DH)",
      "OS": "Microsoft Windows 71",
      "Model": "Latitude E74401",
      "Serial": "B9PPL321",
      "IPV4": "10.203.101.189",
      "Protocol": "DHCP"
    },
    {
      "PCName": "NMY1508003",
      "LANID": "A5127350",
      "UserName": "Tong Kar Seng2",
      "Domain": "OCBCGROUP2",
      "Department": "MAL E2P - GTS - Tech System Enhancement Hub (DH)2",
      "OS": "Microsoft Windows 72",
      "Model": "Latitude E74402",
      "Serial": "B9PPL322",
      "IPV4": "10.203.101.128",
      "Protocol": "DHCP2"
    }
  ]
}